x_value,total_1,total_2
0,1000,1000
1,999,1000
2,995,996
3,995,996
4,997,993
5,996,998
6,1002,1004
7,997,1008
8,993,1010
9,1000,1009
10,1001,1010
11,996,1013
12,1002,1012
13,996,1017
14,990,1012
15,994,1013
16,989,1018
17,987,1022
18,991,1028
19,998,1025
20,995,1024
21,995,1027
22,994,1029
23,1001,1033
24,1000,1028
25,1007,1023
26,1008,1027
27,1010,1028
28,1012,1029
29,1011,1024
30,1013,1024
31,1007,1024
32,1015,1021
33,1017,1026
34,1021,1030
35,1015,1025
36,1017,1026
37,1018,1024
38,1023,1020
39,1030,1015
40,1033,1010
41,1037,1011
42,1044,1012
43,1044,1008
44,1039,1003
45,1033,1007
46,1030,1008
47,1034,1006
48,1034,1003
49,1032,1004
50,1038,1007
51,1033,1002
52,1032,1007
53,1027,1004
54,1028,1005
55,1035,1008
56,1037,1004
57,1034,1010
58,1031,1014
59,1034,1013
60,1031,1010
61,1030,1012
62,1037,1013
63,1038,1013
64,1045,1013
65,1044,1014
66,1041,1020
67,1035,1020
68,1035,1022
69,1040,1017
70,1044,1017
71,1050,1015
72,1055,1013
73,1063,1016
74,1062,1017
75,1062,1018
76,1069,1018
77,1070,1018
78,1076,1017
79,1078,1013
80,1083,1009
81,1086,1008
82,1085,1010
83,1081,1014
84,1086,1009
85,1083,1013
86,1080,1019
87,1081,1017
88,1076,1020
89,1072,1023
90,1080,1028
91,1077,1031
92,1078,1029
93,1072,1028
94,1076,1034
95,1072,1035
96,1075,1035
97,1075,1037
98,1070,1036
99,1074,1041
100,1068,1043
101,1066,1038
102,1064,1039
103,1066,1039
104,1068,1036
105,1067,1038
106,1063,1042
107,1057,1039
108,1053,1034
109,1061,1029
110,1057,1035
111,1059,1036
112,1054,1039
113,1048,1034
114,1051,1036
115,1056,1032
116,1050,1030
117,1055,1030
118,1049,1034
119,1046,1038
120,1052,1041
121,1052,1043
122,1059,1039
123,1053,1042
124,1056,1043
125,1055,1039
126,1060,1042
127,1066,1044
128,1068,1047
129,1065,1046
130,1072,1044
131,1072,1043
132,1078,1049
133,1084,1047
134,1087,1053
135,1095,1056
136,1095,1056
137,1090,1057
138,1085,1054
139,1089,1056
140,1096,1059
141,1093,1064
142,1089,1061
143,1090,1056
144,1090,1060
145,1098,1065
146,1101,1063
147,1101,1066
148,1102,1065
149,1096,1067
150,1098,1070
151,1104,1065
152,1101,1069
153,1106,1073
154,1100,1072
155,1105,1078
156,1101,1082
157,1109,1081
158,1104,1081
159,1099,1081
160,1100,1077
161,1101,1079
162,1099,1075
163,1103,1081
164,1097,1087
165,1092,1091
166,1086,1086
167,1088,1084
168,1092,1081
169,1100,1080
170,1102,1082
171,1101,1086
172,1098,1085
173,1093,1091
174,1090,1095
175,1088,1099
176,1090,1097
177,1096,1099
178,1095,1105
179,1098,1106
180,1101,1103
181,1102,1098
182,1110,1094
183,1118,1099
184,1124,1095
185,1131,1090
186,1137,1090
187,1137,1087
188,1137,1091
189,1132,1091
190,1131,1093
191,1139,1098
192,1134,1103
193,1128,1108
194,1135,1110
195,1143,1114
196,1151,1118
197,1153,1124
198,1154,1123
199,1158,1119
200,1157,1116
201,1160,1113
202,1162,1119
203,1169,1116
204,1167,1121
205,1173,1123
206,1175,1119
207,1183,1114
208,1179,1112
209,1185,1112
210,1183,1107
211,1183,1105
212,1177,1111
213,1178,1113
214,1183,1115
215,1187,1121
216,1190,1118
217,1194,1120
218,1196,1122
219,1193,1118
220,1199,1117
221,1197,1120
222,1193,1124
223,1198,1124
224,1193,1128
225,1196,1125
226,1197,1120
227,1201,1118
228,1209,1114
229,1215,1109
230,1212,1109
231,1218,1113
232,1214,1111
233,1218,1113
234,1222,1113
235,1223,1116
236,1229,1116
237,1236,1115
238,1241,1120
239,1241,1124
240,1244,1129
241,1247,1124
242,1252,1127
243,1255,1125
244,1261,1123
245,1257,1124
246,1251,1126
247,1252,1128
248,1251,1126
249,1245,1129
250,1244,1134
251,1240,1135
252,1245,1137
253,1239,1132
254,1244,1134
255,1239,1133
256,1235,1128
257,1230,1130
258,1235,1130
259,1234,1131
260,1241,1126
261,1244,1121
262,1238,1122
263,1246,1119
264,1243,1121
265,1243,1117
266,1250,1112
267,1258,1114
268,1259,1119
269,1267,1123
270,1265,1123
271,1270,1124
272,1278,1127
273,1281,1132
274,1289,1128
275,1288,1128
276,1295,1132
277,1292,1130
278,1297,1130
279,1302,1128
280,1302,1126
281,1300,1122
282,1304,1121
283,1306,1125
284,1314,1121
285,1312,1125
286,1319,1121
287,1324,1124
288,1320,1125
289,1318,1124
290,1326,1130
291,1331,1127
292,1326,1122
293,1320,1127
294,1317,1133
295,1324,1135
296,1330,1135
297,1332,1139
298,1327,1138
299,1323,1137
300,1325,1135
301,1329,1136
302,1332,1132
303,1337,1127
304,1341,1127
305,1348,1131
306,1346,1131
307,1342,1130
308,1350,1130
309,1344,1133
310,1347,1128
311,1355,1123
312,1357,1120
313,1351,1124
314,1358,1124
315,1356,1128
316,1351,1131
317,1354,1132
318,1351,1133
319,1345,1137
320,1342,1135
321,1342,1138
322,1343,1137
323,1348,1140
324,1351,1142
325,1355,1138
326,1357,1143
327,1360,1148
328,1356,1143
329,1352,1140
330,1348,1140
331,1345,1144
332,1346,1145
333,1352,1143
334,1347,1139
335,1341,1145
336,1344,1142
337,1340,1143
338,1346,1149
339,1347,1152
340,1348,1157
341,1350,1156
342,1352,1159
343,1354,1162
344,1360,1166
345,1362,1168
346,1368,1170
347,1373,1174
348,1367,1180
349,1362,1178
350,1368,1175
351,1366,1173
352,1363,1171
353,1370,1175
354,1366,1180
355,1365,1175
356,1360,1174
357,1363,1180
358,1367,1178
359,1370,1178
360,1364,1182
361,1368,1181
362,1369,1185
363,1366,1189
364,1364,1188
365,1362,1191
366,1369,1186
367,1364,1190
368,1358,1189
369,1355,1194
370,1351,1195
371,1357,1201
372,1358,1198
373,1357,1194
374,1354,1196
375,1351,1202
376,1357,1200
377,1362,1206
378,1360,1204
379,1354,1210
380,1356,1213
381,1354,1218
382,1351,1222
383,1346,1223
384,1341,1218
385,1345,1219
386,1351,1221
387,1349,1222
388,1343,1219
389,1340,1222
390,1338,1225
391,1341,1225
392,1341,1227
393,1341,1233
394,1336,1237
395,1340,1241
396,1342,1237
397,1346,1243
398,1348,1247
399,1351,1250
400,1349,1255
401,1347,1254
402,1345,1258
403,1350,1261
404,1353,1256
405,1351,1254
406,1347,1250
407,1343,1254
408,1347,1260
409,1349,1259
410,1350,1255
411,1354,1254
412,1350,1250
413,1350,1255
414,1358,1250
415,1352,1249
416,1351,1249
417,1346,1246
418,1351,1252
419,1352,1249
420,1350,1249
421,1356,1254
422,1350,1251
423,1347,1252
424,1348,1255
425,1351,1254
426,1356,1252
427,1355,1250
428,1362,1255
429,1358,1253
430,1365,1253
431,1365,1249
432,1366,1253
433,1374,1249
434,1369,1248
435,1369,1249
436,1368,1248
437,1365,1251
438,1361,1255
439,1359,1255
440,1361,1257
441,1356,1259
442,1358,1261
443,1358,1257
444,1359,1252
445,1360,1255
446,1367,1256
447,1371,1252
448,1374,1256
449,1375,1254
450,1380,1249
451,1378,1249
452,1382,1251
453,1390,1247
454,1390,1252
455,1390,1250
456,1396,1252
457,1392,1254
458,1390,1254
459,1391,1260
460,1397,1262
461,1399,1260
462,1406,1256
463,1414,1255
